id,series,fineness,ph,diesel_gpt,time_min,yield_pct,mo_grade,cu_grade,mo_rec,cu_rec,cond
2,磨矿细度,30.0,11.0,100.0,15.0,1.84,3.971,0.43,13.416856757419671,21.696886446886445,30%  11 12d 15min 3d 10min
3,磨矿细度,40.0,11.0,100.0,15.0,1.68,4.074,0.524,12.565746872700515,19.549230769230768,40%  11 12d 15min 3d 10min
4,磨矿细度,50.0,11.0,100.0,15.0,3.79,1.917,0.325,13.377152317880794,33.86904761904763,50%  11 12d 15min 3d 10min
5,磨矿细度,60.0,11.0,100.0,15.0,3.27,2.288,0.374,13.76335540838852,7.836190476190476,60%  11 12d 15min 3d 10min
6,磨矿细度,65.0,11.0,100.0,15.0,4.04,1.714,0.369,12.738337012509197,40.95494505494505,65%  11 12d 15min 3d 10min
7,pH,40.0,3.5,100.0,15.0,6.47,1.379,0.29,16.42149865096885,3.662179487179487,40% 3.5 12d 15min 3d 10min
8,pH,40.0,6.0,100.0,15.0,3.24,2.934,0.327,17.50540838852097,29.136538461538464,40% 6 12d 15min 3d 10min
9,pH,40.0,9.0,100.0,15.0,8.85,2.543,0.342,11.625009197939661,7.96434065934066,40% 9 12d 15min 3d 10min
10,pH,40.0,11.0,100.0,15.0,6.53,5.29,0.834,36.97939661515821,87.06593406593407,40% 11 12d 15min 3d 10min
11,pH,65.0,3.5,100.0,15.0,2.48,1.103,0.215,17.950466028942845,2.1716575091575088,65% 3.5 12d 15min 3d 10min
12,pH,65.0,6.0,100.0,15.0,1.19,1.423,0.231,17.093800588668138,41.440384615384616,65% 6 12d 15min 3d 10min
13,pH,65.0,9.0,100.0,15.0,2.68,2.462,0.323,12.130347068923228,7.282289377289378,65% 9 12d 15min 3d 10min
14,pH,65.0,11.0,100.0,15.0,3.11,2.069,0.329,14.298276919303406,33.95448717948718,65% 11 12d 15min 3d 10min
15,柴油用量,40.0,11.0,50.0,15.0,1.56,6.67,0.701,19.161730439048316,42.817490842490834,40% 11 6d 15min 3d 10min
16,柴油用量,40.0,11.0,150.0,15.0,2.27,3.038,0.446,12.704905567819475,27.854578754578757,40% 18 12d 15min 3d 10min
17,柴油用量,40.0,11.0,200.0,15.0,2.63,2.054,0.368,9.950085847436839,6.921904761904761,40% 24 12d 15min 3d 10min
18,柴油用量,65.0,11.0,50.0,15.0,4.86,2.467,0.346,22.040832720137356,46.165018315018315,65% 11 6d 15min 3d 10min
19,柴油用量,65.0,11.0,150.0,15.0,4.03,4.22,0.311,31.285136129506984,12.018498168498168,65% 18 12d 15min 3d 10min
20,柴油用量,65.0,11.0,200.0,15.0,4.53,4.023,0.328,33.52499999999999,40.81978021978021,65% 24 12d 15min 3d 10min
21,柴油作用时间,40.0,11.0,100.0,5.0,0.76,4.894,0.687,6.827232033357861,30.789175824175828,40% 11 12d 5min 3d 3min
22,柴油作用时间,40.0,11.0,100.0,10.0,1.6,4.606,0.531,13.528783419180767,23.29203296703297,40% 11 12d 10min 3d 3min
23,柴油作用时间,40.0,11.0,100.0,15.0,2.96,5.806,0.382,31.614716703458427,20.3103663003663,40% 11 12d 15min 3d 4min
24,柴油作用时间,40.0,11.0,100.0,20.0,1.1,5.69,0.589,11.496535442727495,17.772481684981685,40% 11 12d 20min 3d 4min
25,柴油作用时间,40.0,11.0,100.0,25.0,1.22,4.59,0.555,10.281622516556292,23.3282967032967,40% 11 12d 25min 3d 5min
26,柴油作用时间,65.0,11.0,100.0,5.0,1.92,4.114,0.486,14.530684326710816,25.63516483516483,65% 11 12d 5min 3d 3min
27,柴油作用时间,65.0,11.0,100.0,10.0,2.88,2.633,0.295,13.96581432425803,7.112957875457875,65% 11 12d 10min 3d 3min
28,柴油作用时间,65.0,11.0,100.0,15.0,3.78,6.045,0.327,42.03476821192052,33.95769230769231,65% 11 12d 15min 3d 4min
29,柴油作用时间,65.0,11.0,100.0,20.0,3.26,2.268,0.338,13.601324503311254,7.02,65% 11 12d 20min 3d 4min
30,柴油作用时间,65.0,11.0,100.0,25.0,4.67,4.367,0.318,37.489575668383615,40.76923076923077,65% 11 12d 25min 3d 5min
