grain,ph,diesel,time,mo_rec,cu_rec,src
50.0,7.0,100.0,15.0,15.3434493745055,33.0700341898381,粒度·2区
55.0,7.0,100.0,15.0,15.0129302244014,34.0439030458456,粒度·2区
60.0,7.0,100.0,15.0,21.3792399852734,50.5830873747819,粒度·2区
65.0,7.0,100.0,15.0,53.5564764976908,44.475400438152,粒度·2区
70.0,7.0,100.0,15.0,57.8622485386269,44.7629022515558,粒度·2区
75.0,7.0,100.0,15.0,19.8469143230705,39.27931005038,粒度·2区
50.0,7.0,100.0,15.0,19.59,36.23,粒度·4区
55.0,7.0,100.0,15.0,20.93,35.0,粒度·4区
60.0,7.0,100.0,15.0,46.14,38.25,粒度·4区
65.0,7.0,100.0,15.0,51.31,42.39,粒度·4区
70.0,7.0,100.0,15.0,52.81,41.43,粒度·4区
75.0,7.0,100.0,15.0,20.35,43.34,粒度·4区
40.0,3.5,100.0,15.0,16.42,3.66,pH·40%
65.0,3.5,100.0,15.0,17.95,2.17,pH·65%
40.0,6.0,100.0,15.0,17.51,29.14,pH·40%
65.0,6.0,100.0,15.0,17.09,41.44,pH·65%
40.0,9.0,100.0,15.0,17.63,32.96,pH·40%
65.0,9.0,100.0,15.0,12.13,35.28,pH·65%
40.0,11.0,100.0,15.0,36.98,37.07,pH·40%
65.0,11.0,100.0,15.0,14.3,33.95,pH·65%
40.0,7.0,50.0,15.0,19.16,42.82,柴油·40%
65.0,7.0,50.0,15.0,22.04,46.17,柴油·65%
40.0,7.0,100.0,15.0,12.57,26.55,柴油·40%
65.0,7.0,100.0,15.0,28.74,40.95,柴油·65%
40.0,7.0,150.0,15.0,12.7,27.85,柴油·40%
65.0,7.0,150.0,15.0,31.29,26.02,柴油·65%
40.0,7.0,200.0,15.0,9.95,16.92,柴油·40%
65.0,7.0,200.0,15.0,33.52,40.82,柴油·65%
40.0,7.0,100.0,5.0,6.83,30.79,时间·40%
65.0,7.0,100.0,5.0,14.53,25.64,时间·65%
40.0,7.0,100.0,10.0,13.53,33.29,时间·40%
65.0,7.0,100.0,10.0,15.97,27.11,时间·65%
40.0,7.0,100.0,15.0,31.61,30.31,时间·40%
65.0,7.0,100.0,15.0,42.03,33.96,时间·65%
40.0,7.0,100.0,20.0,31.5,27.77,时间·40%
65.0,7.0,100.0,20.0,38.6,27.02,时间·65%
40.0,7.0,100.0,25.0,30.28,23.33,时间·40%
65.0,7.0,100.0,25.0,37.49,20.77,时间·65%
