temperature,clay,shear_rate,viscosity,source
5.0,chlorite,100,182.8,fig4-45
10.0,chlorite,100,184.3,fig4-45
15.0,chlorite,100,181.4,fig4-45
25.0,chlorite,100,171.1,fig4-45
35.0,chlorite,100,154.0,fig4-45
5.0,muscovite,100,204.6,fig4-45
10.0,muscovite,100,197.0,fig4-45
15.0,muscovite,100,201.3,fig4-45
25.0,muscovite,100,189.1,fig4-45
35.0,muscovite,100,179.4,fig4-45
5.0,illite,100,183.2,fig4-45
10.0,illite,100,184.1,fig4-45
15.0,illite,100,182.8,fig4-45
25.0,illite,100,176.1,fig4-45
35.0,illite,100,170.4,fig4-45
5.0,kaolinite,100,385.15,fig4-45
10.0,kaolinite,100,395.6,fig4-45
15.0,kaolinite,100,388.6,fig4-45
25.0,kaolinite,100,384.2,fig4-45
35.0,kaolinite,100,375.4,fig4-45
5.0,chlorite,150,213.6,fig4-45
10.0,chlorite,150,208.0,fig4-45
15.0,chlorite,150,200.7,fig4-45
25.0,chlorite,150,185.0,fig4-45
35.0,chlorite,150,171.4,fig4-45
5.0,muscovite,150,240.1,fig4-45
10.0,muscovite,150,219.1,fig4-45
15.0,muscovite,150,219.8,fig4-45
25.0,muscovite,150,198.6,fig4-45
35.0,muscovite,150,190.4,fig4-45
5.0,illite,150,220.2,fig4-45
10.0,illite,150,215.5,fig4-45
15.0,illite,150,212.8,fig4-45
25.0,illite,150,205.9,fig4-45
35.0,illite,150,198.7,fig4-45
5.0,kaolinite,150,352.5,fig4-45
10.0,kaolinite,150,364.0,fig4-45
15.0,kaolinite,150,361.0,fig4-45
25.0,kaolinite,150,354.4,fig4-45
35.0,kaolinite,150,343.8,fig4-45
5.0,muscovite,100,221.2,fig4-47
10.0,muscovite,100,211.8,fig4-47
15.0,muscovite,100,207.8,fig4-47
25.0,muscovite,100,192.2,fig4-47
35.0,muscovite,100,180.7,fig4-47
5.0,chlorite,100,179.6,fig4-47
10.0,chlorite,100,177.9,fig4-47
15.0,chlorite,100,174.1,fig4-47
25.0,chlorite,100,163.6,fig4-47
35.0,chlorite,100,152.8,fig4-47
5.0,illite,100,186.3,fig4-47
10.0,illite,100,178.9,fig4-47
15.0,illite,100,175.1,fig4-47
25.0,illite,100,164.7,fig4-47
35.0,illite,100,157.3,fig4-47
5.0,kaolinite,100,361.0,fig4-47
10.0,kaolinite,100,358.4,fig4-47
15.0,kaolinite,100,354.5,fig4-47
25.0,kaolinite,100,351.0,fig4-47
35.0,kaolinite,100,343.7,fig4-47
5,chlorite@0%,100,173.6,fig4-45c
5,chlorite@20%,100,163.9,fig4-45c
5,chlorite@40%,100,182.8,fig4-45c
5,chlorite@60%,100,180.4,fig4-45c
10,chlorite@0%,100,167.6,fig4-45c
10,chlorite@20%,100,174.6,fig4-45c
10,chlorite@40%,100,184.3,fig4-45c
10,chlorite@60%,100,181.1,fig4-45c
15,chlorite@0%,100,164.6,fig4-45c
15,chlorite@20%,100,176.4,fig4-45c
15,chlorite@40%,100,181.4,fig4-45c
15,chlorite@60%,100,178.1,fig4-45c
25,chlorite@0%,100,155.9,fig4-45c
25,chlorite@20%,100,173.7,fig4-45c
25,chlorite@40%,100,171.1,fig4-45c
25,chlorite@60%,100,172.0,fig4-45c
35,chlorite@0%,100,148.6,fig4-45c
35,chlorite@20%,100,163.6,fig4-45c
35,chlorite@40%,100,154.0,fig4-45c
35,chlorite@60%,100,165.4,fig4-45c
