series,system,temperature,clay_pct,diesel_gpt,contact_angle
temperature,clean,10,0,0,82.81
temperature,clean,20,0,0,80.99
temperature,clean,30,0,0,80.93
temperature,clean,40,0,0,76.7
temperature,clean,50,0,0,67.82
content,content-sweep,10,0.0,0,82.81
content,content-sweep,10,12.5,0,84.47
content,content-sweep,10,25.0,0,85.57
content,content-sweep,10,37.5,0,87.31
content,content-sweep,10,50.0,0,86.97
temperature,chlorite25,10.0,25,0,85.57
temperature,chlorite25,20.0,25,0,87.25
temperature,chlorite25,30.0,25,0,87.22
temperature,chlorite25,40.0,25,0,89.99
temperature,chlorite25,50.0,25,0,91.26
diesel,clean,30,0,0.0,80.93
diesel,clean,30,0,50.0,91.91
diesel,clean,30,0,100.0,92.32
diesel,clean,30,0,150.0,90.15
diesel,clean,30,0,200.0,85.55
diesel,chlorite25,30,25,0.0,78.74
diesel,chlorite25,30,25,50.0,82.94
diesel,chlorite25,30,25,100.0,84.77
diesel,chlorite25,30,25,150.0,83.58
diesel,chlorite25,30,25,200.0,82.34
